title,stock
A Light in the Attic,22
Tipping the Velvet,20
Soumission,20
Sharp Objects,20
Sapiens: A Brief History of Humankind,20
The Requiem Red,19
The Dirty Little Secrets of Getting Your Dream Job,19
"The Coming Woman: A Novel Based on the Life of the Infamous Feminist, Victoria Woodhull",19
The Boys in the Boat: Nine Americans and Their Epic Quest for Gold at the 1936 Berlin Olympics,19
The Black Maria,19
"Starving Hearts (Triangular Trade Trilogy, #1)",19
Shakespeare's Sonnets,19
Set Me Free,19
Scott Pilgrim's Precious Little Life (Scott Pilgrim #1),19
Rip it Up and Start Again,19
"Our Band Could Be Your Life: Scenes from the American Indie Underground, 1981-1991",19
Olio,19
Mesaerion: The Best Science Fiction Stories 1800-1849,19
Libertarianism for Beginners,19
It's Only the Himalayas,19
In Her Wake,19
How Music Works,19
"Foolproof Preserving: A Guide to Small Batch Jams, Jellies, Pickles, Condiments, and More: A Foolproof Guide to Making Small Batch Jams, Jellies, Pickles, Condiments, and More",19
Chase Me (Paris Nights #2),19
Black Dust,19
Birdsong: A Story in Pictures,19
America's Cradle of Quarterbacks: Western Pennsylvania's Football Factory from Johnny Unitas to Joe Montana,19
Aladdin and His Wonderful Lamp,19
Worlds Elsewhere: Journeys Around Shakespeare’s Globe,18
Wall and Piece,18
The Four Agreements: A Practical Guide to Personal Freedom,18
The Five Love Languages: How to Express Heartfelt Commitment to Your Mate,18
The Elephant Tree,18
The Bear and the Piano,18
Sophie's World,18
Penny Maybe,18
Maude (1883-1993):She Grew Up with the country,18
"In a Dark, Dark Wood",18
Behind Closed Doors,18
You can't bury them all: Poems,17
Slow States of Collapse: Poems,17
Reasons to Stay Alive,17
Private Paris (Private #10),17
#HigherSelfie: Wake Up Your Life. Free Your Soul. Find Your Tribe.,17
Without Borders (Wanderlove #1),16
When We Collided,16
"We Love You, Charlie Freeman",16
Untitled Collection: Sabbath Poems 2014,16
"Unseen City: The Majesty of Pigeons, the Discreet Charm of Snails & Other Wonders of the Urban Wilderness",16
Unicorn Tracks,16
"Unbound: How Eight Technologies Made Us Human, Transformed Society, and Brought Our World to the Brink",16
Tsubasa: WoRLD CHRoNiCLE 2 (Tsubasa WoRLD CHRoNiCLE #2),16
Throwing Rocks at the Google Bus: How Growth Became the Enemy of Prosperity,16
This One Summer,16
Thirst,16
The Torch Is Passed: A Harding Family Story,16
The Secret of Dreadwillow Carse,16
"The Pioneer Woman Cooks: Dinnertime: Comfort Classics, Freezer Food, 16-Minute Meals, and Other Delicious Ways to Solve Supper!",16
The Past Never Ends,16
The Natural History of Us (The Fine Art of Pretending #2),16
The Nameless City (The Nameless City #1),16
The Murder That Never Was (Forensic Instincts #5),16
The Most Perfect Thing: Inside (and Outside) a Bird's Egg,16
"The Mindfulness and Acceptance Workbook for Anxiety: A Guide to Breaking Free from Anxiety, Phobias, and Worry Using Acceptance and Commitment Therapy",16
The Life-Changing Magic of Tidying Up: The Japanese Art of Decluttering and Organizing,16
"The Inefficiency Assassin: Time Management Tactics for Working Smarter, Not Longer",16
The Gutsy Girl: Escapades for Your Life of Epic Adventure,16
The Electric Pencil: Drawings from Inside State Hospital No. 3,16
The Death of Humanity: and the Case for Life,16
"The Bulletproof Diet: Lose up to a Pound a Day, Reclaim Energy and Focus, Upgrade Your Life",16
The Art Forger,16
The Age of Genius: The Seventeenth Century and the Birth of the Modern Mind,16
The Activist's Tao Te Ching: Ancient Advice for a Modern Revolution,16
Spark Joy: An Illustrated Master Class on the Art of Organizing and Tidying Up,16
Soul Reader,16
Security,16
"Saga, Volume 6 (Saga (Collected Editions) #6)",16
"Saga, Volume 5 (Saga (Collected Editions) #5)",16
Reskilling America: Learning to Labor in the Twenty-First Century,16
"Rat Queens, Vol. 3: Demons (Rat Queens (Collected Editions) #11-15)",16
"Princess Jellyfish 2-in-1 Omnibus, Vol. 01 (Princess Jellyfish 2-in-1 Omnibus #1)",16
Princess Between Worlds (Wide-Awake Princess #5),16
"Pop Gun War, Volume 1: Gift",16
"Political Suicide: Missteps, Peccadilloes, Bad Calls, Backroom Hijinx, Sordid Pasts, Rotten Breaks, and Just Plain Dumb Mistakes in the Annals of American Politics",16
Patience,16
"Outcast, Vol. 1: A Darkness Surrounds Him (Outcast #1)",16
orange: The Complete Collection 1 (orange: The Complete Collection #1),16
Online Marketing for Busy Authors: A Step-By-Step Guide,16
On a Midnight Clear,16
Obsidian (Lux #1),16
My Paris Kitchen: Recipes and Stories,16
Masks and Shadows,16
"Mama Tried: Traditional Italian Cooking for the Screwed, Crude, Vegan, and Tattooed",16
"Lumberjanes, Vol. 2: Friendship to the Max (Lumberjanes #5-8)",16
"Lumberjanes, Vol. 1: Beware the Kitten Holy (Lumberjanes #1-4)",16
Lumberjanes Vol. 3: A Terrible Plan (Lumberjanes #9-12),16
"Layered: Baking, Building, and Styling Spectacular Cakes",16
Judo: Seven Steps to Black Belt (an Introductory Guide for Beginners),16
Join,16
In the Country We Love: My Family Divided,16
Immunity: How Elie Metchnikoff Changed the Course of Modern Medicine,16
"I Hate Fairyland, Vol. 1: Madly Ever After (I Hate Fairyland (Compilations) #1-5)",16
I am a Hero Omnibus Volume 1,16
How to Be Miserable: 40 Strategies You Already Use,16
Her Backup Boyfriend (The Sorensen Family #1),16
"Giant Days, Vol. 2 (Giant Days #5-8)",16
Forever and Forever: The Courtship of Henry Longfellow and Fanny Appleton,16
First and First (Five Boroughs #3),16
Fifty Shades Darker (Fifty Shades #2),16
Everydata: The Misinformation Hidden in the Little Data You Consume Every Day,16
"Don't Be a Jerk: And Other Practical Advice from Dogen, Japan's Greatest Zen Master",16
Danganronpa Volume 1,16
Crown of Midnight (Throne of Glass #2),16
"Codename Baboushka, Volume 1: The Conclave of Death",16
Camp Midnight,16
Call the Nurse: True Stories of a Country Nurse on a Scottish Isle,16
Burning,16
Bossypants,16
"Bitch Planet, Vol. 1: Extraordinary Machine (Bitch Planet (Collected Editions))",16
"Avatar: The Last Airbender: Smoke and Shadow, Part 3 (Smoke and Shadow #3)",16
Algorithms to Live By: The Computer Science of Human Decisions,16
A World of Flavor: Your Gluten Free Passport,16
"A Piece of Sky, a Grain of Rice: A Memoir in Four Meditations",16
A Murder in Time,16
A Flight of Arrows (The Pathfinders #2),16
A Fierce and Subtle Poison,16
A Court of Thorns and Roses (A Court of Thorns and Roses #1),16
(Un)Qualified: How God Uses Broken People to Do Big Things,16
You Are What You Love: The Spiritual Power of Habit,15
"William Shakespeare's Star Wars: Verily, A New Hope (William Shakespeare's Star Wars #4)",15
Tuesday Nights in 1980,15
Tracing Numbers on a Train,15
Throne of Glass (Throne of Glass #1),15
Thomas Jefferson and the Tripoli Pirates: The Forgotten War That Changed American History,15
Thirteen Reasons Why,15
The White Cat and the Monk: A Retelling of the Poem “Pangur Bán”,15
The Wedding Dress,15
The Vacationers,15
The Third Wave: An Entrepreneur’s Vision of the Future,15
The Stranger,15
The Shadow Hero (The Shadow Hero),15
The Secret (The Secret #1),15
The Regional Office Is Under Attack!,15
The Psychopath Test: A Journey Through the Madness Industry,15
The Project,15
The Power of Now: A Guide to Spiritual Enlightenment,15
The Omnivore's Dilemma: A Natural History of Four Meals,15
The Nerdy Nummies Cookbook: Sweet Treats for the Geek in All of Us,15
The Murder of Roger Ackroyd (Hercule Poirot #4),15
The Mistake (Off-Campus #2),15
The Matchmaker's Playbook (Wingmen Inc. #1),15
The Love and Lemons Cookbook: An Apple-to-Zucchini Celebration of Impromptu Cooking,15
The Long Shadow of Small Ghosts: Murder and Memory in an American City,15
The Kite Runner,15
The House by the Lake,15
The Glittering Court (The Glittering Court #1),15
The Girl on the Train,15
The Genius of Birds,15
The Emerald Mystery,15
The Cookies & Cups Cookbook: 125+ sweet & savory recipes reminding you to Always Eat Dessert First,15
The Bridge to Consciousness: I'm Writing the Bridge Between Science and Our Old and New Beliefs.,15
The Artist's Way: A Spiritual Path to Higher Creativity,15
The Art of War,15
The Argonauts,15
The 10% Entrepreneur: Live Your Startup Dream Without Quitting Your Day Job,15
Suddenly in Love (Lake Haven #1),15
Something More Than This,15
Soft Apocalypse,15
So You've Been Publicly Shamed,15
Shoe Dog: A Memoir by the Creator of NIKE,15
"Shobu Samurai, Project Aryoku (#3)",15
Secrets and Lace (Fatal Hearts #1),15
Scarlett Epstein Hates It Here,15
Romero and Juliet: A Tragic Tale of Love and Zombies,15
Redeeming Love,15
Poses for Artists Volume 1 - Dynamic and Sitting Poses: An Essential Reference for Figure Drawing and the Human Form,15
Poems That Make Grown Women Cry,15
"Nightingale, Sing",15
Night Sky with Exit Wounds,15
Mrs. Houdini,15
Modern Romance,15
Miss Peregrine’s Home for Peculiar Children (Miss Peregrine’s Peculiar Children #1),15
Louisa: The Extraordinary Life of Mrs. Adams,15
Little Red,15
Library of Souls (Miss Peregrine’s Peculiar Children #3),15
Large Print Heart of the Pride,15
I Had a Nice Time And Other Lies...: How to find love & sh*t like that,15
Hollow City (Miss Peregrine’s Peculiar Children #2),15
Grumbles,15
Full Moon over Noah’s Ark: An Odyssey to Mount Ararat and Beyond,15
Frostbite (Vampire Academy #2),15
Follow You Home,15
First Steps for New Christians (Print Edition),15
Finders Keepers (Bill Hodges Trilogy #2),15
"Fables, Vol. 1: Legends in Exile (Fables #1)",15
Eureka Trivia 6.0,15
Drive: The Surprising Truth About What Motivates Us,15
Done Rubbed Out (Reightman & Bailey #1),15
Doing It Over (Most Likely To #1),15
"Deliciously Ella Every Day: Quick and Easy Recipes for Gluten-Free Snacks, Packed Lunches, and Simple Meals",15
Dark Notes,15
"Daring Greatly: How the Courage to Be Vulnerable Transforms the Way We Live, Love, Parent, and Lead",15
Close to You,15
Chasing Heaven: What Dying Taught Me About Living,15
Big Magic: Creative Living Beyond Fear,15
Becoming Wise: An Inquiry into the Mystery and Art of Living,15
Beauty Restored (Riley Family Legacy Novellas #3),15
Batman: The Long Halloween (Batman),15
Batman: The Dark Knight Returns (Batman),15
Ayumi's Violin,15
Anonymous,15
Amy Meets the Saints and Sages,15
Amid the Chaos,15
Amatus,15
Agnostic: A Spirited Manifesto,15
Zealot: The Life and Times of Jesus of Nazareth,14
You (You #1),14
"Wonder Woman: Earth One, Volume One (Wonder Woman: Earth One #1)",14
Wild Swans,14
Why the Right Went Wrong: Conservatism--From Goldwater to the Tea Party and Beyond,14
Whole Lotta Creativity Going On: 60 Fun and Unusual Exercises to Awaken and Strengthen Your Creativity,14
What's It Like in Space?: Stories from Astronauts Who've Been There,14
"We Are Robin, Vol. 1: The Vigilante Business (We Are Robin #1)",14
Walt Disney's Alice in Wonderland,14
V for Vendetta (V for Vendetta Complete),14
Until Friday Night (The Field Party #1),14
"Unbroken: A World War II Story of Survival, Resilience, and Redemption",14
Twenty Yawns,14
Through the Woods,14
This Is Where It Ends,14
The Year of Magical Thinking,14
The Wright Brothers,14
The White Queen (The Cousins' War #1),14
The Wedding Pact (The O'Malleys #2),14
The Time Keeper,14
The Testament of Mary,14
The Star-Touched Queen,14
The Songs of the Gods,14
The Song of Achilles,14
The Rosie Project (Don Tillman #1),14
The Power of Habit: Why We Do What We Do in Life and Business,14
The Marriage of Opposites,14
The Lucifer Effect: Understanding How Good People Turn Evil,14
The Long Haul (Diary of a Wimpy Kid #9),14
The Loney,14
The Literature Book (Big Ideas Simply Explained),14
The Last Mile (Amos Decker #2),14
The Immortal Life of Henrietta Lacks,14
The Hidden Oracle (The Trials of Apollo #1),14
The Help Yourself Cookbook for Kids: 60 Easy Plant-Based Recipes Kids Can Make to Stay Healthy and Save the Earth,14
The Guilty (Will Robie #4),14
The First Hostage (J.B. Collins #2),14
The Dovekeepers,14
The Darkest Lie,14
The Bane Chronicles (The Bane Chronicles #1-11),14
The Bad-Ass Librarians of Timbuktu: And Their Race to Save the World’s Most Precious Manuscripts,14
The 14th Colony (Cotton Malone #11),14
That Darkness (Gardiner and Renner #1),14
Tastes Like Fear (DI Marnie Rome #3),14
Take Me with You,14
Swell: A Year of Waves,14
Superman Vol. 1: Before Truth (Superman by Gene Luen Yang #1),14
Still Life with Bread Crumbs,14
Steve Jobs,14
Sorting the Beef from the Bull: The Science of Food Fraud Forensics,14
Someone Like You (The Harrisons #2),14
"So Cute It Hurts!!, Vol. 6 (So Cute It Hurts!! #6)",14
Shtum,14
See America: A Celebration of Our National Parks & Treasured Sites,14
salt.,14
Robin War,14
"Red Hood/Arsenal, Vol. 1: Open for Business (Red Hood/Arsenal #1)",14
Rain Fish,14
"Quarter Life Poetry: Poems for the Young, Broke and Hangry",14
Pet Sematary,14
"Overload: How to Unplug, Unwind, and Unleash Yourself from the Pressure of Stress",14
Once Was a Time,14
Old School (Diary of a Wimpy Kid #10),14
No Dream Is Too High: Life Lessons From a Man Who Walked on the Moon,14
"Naruto (3-in-1 Edition), Vol. 14: Includes Vols. 40, 41 & 42 (Naruto: Omnibus #14)",14
My Name Is Lucy Barton,14
My Mrs. Brown,14
My Kind of Crazy,14
Mr. Mercedes (Bill Hodges Trilogy #1),14
More Than Music (Chasing the Dream #1),14
Made to Stick: Why Some Ideas Survive and Others Die,14
Luis Paints the World,14
Luckiest Girl Alive,14
Lowriders to the Center of the Earth (Lowriders in Space #2),14
Love Is a Mix Tape (Music #1),14
Looking for Lovely: Collecting the Moments that Matter,14
"Living Leadership by Insight: A Good Leader Achieves, a Great Leader Builds Monuments",14
Let It Out: A Journey Through Journaling,14
Lady Midnight (The Dark Artifices #1),14
"It's All Easy: Healthy, Delicious Weeknight Meals in under 30 Minutes",14
Island of Dragons (Unwanteds #7),14
I Know What I'm Doing -- and Other Lies I Tell Myself: Dispatches from a Life Under Construction,14
I Am Pilgrim (Pilgrim #1),14
"Hyperbole and a Half: Unfortunate Situations, Flawed Coping Mechanisms, Mayhem, and Other Things That Happened",14
"Hush, Hush (Hush, Hush #1)",14
Hold Your Breath (Search and Rescue #1),14
Hamilton: The Revolution,14
Greek Mythic History,14
God: The Most Unpleasant Character in All Fiction,14
Glory over Everything: Beyond The Kitchen House,14
Feathers: Displays of Brilliant Plumage,14
"Far & Away: Places on the Brink of Change: Seven Continents, Twenty-Five Years",14
Every Last Word,14
Eligible (The Austen Project #4),14
El Deafo,14
Eight Hundred Grapes,14
"Eaternity: More than 150 Deliciously Easy Vegan Recipes for a Long, Healthy, Satisfied, Joyful Life",14
"Eat Fat, Get Thin",14
Don't Get Caught,14
Doctor Sleep (The Shining #2),14
Demigods & Magicians: Percy and Annabeth Meet the Kanes (Percy Jackson & Kane Chronicles Crossover #1-3),14
Dear Mr. Knightley,14
Daily Fantasy Sports,14
Crazy Love: Overwhelmed by a Relentless God,14
Cometh the Hour (The Clifton Chronicles #6),14
Code Name Verity (Code Name Verity #1),14
Clockwork Angel (The Infernal Devices #1),14
City of Glass (The Mortal Instruments #3),14
City of Fallen Angels (The Mortal Instruments #4),14
City of Bones (The Mortal Instruments #1),14
City of Ashes (The Mortal Instruments #2),14
Cell,14
Catching Jordan (Hundred Oaks),14
"Carry On, Warrior: Thoughts on Life Unarmed",14
Carrie,14
Buying In: The Secret Dialogue Between What We Buy and Who We Are,14
Brain on Fire: My Month of Madness,14
Batman: Europa,14
Barefoot Contessa Back to Basics,14
Barefoot Contessa at Home: Everyday Recipes You'll Make Over and Over Again,14
Balloon Animals,14
Art Ops Vol. 1,14
Aristotle and Dante Discover the Secrets of the Universe (Aristotle and Dante Discover the Secrets of the Universe #1),14
Angels Walking (Angels Walking #1),14
Angels & Demons (Robert Langdon #1),14
All the Light We Cannot See,14
"Adulthood Is a Myth: A ""Sarah's Scribbles"" Collection",14
Abstract City,14
A Time of Torment (Charlie Parker #14),14
A Study in Scarlet (Sherlock Holmes #1),14
"A Series of Catastrophes and Miracles: A True Story of Love, Science, and Cancer",14
A People's History of the United States,14
A Man Called Ove,14
A Distant Mirror: The Calamitous 14th Century,14
A Brush of Wings (Angels Walking #3),14
1491: New Revelations of the Americas Before Columbus,14
"The Three Searches, Meaning, and the Story",13
Searching for Meaning in Gailana,13
Rook,13
My Kitchen Year: 136 Recipes That Saved My Life,13
13 Hours: The Inside Account of What Really Happened In Benghazi,13
Will You Won't You Want Me?,12
Tipping Point for Planet Earth: How Close Are We to the Edge?,12
The Star-Touched Queen,12
The Silent Sister (Riley MacPherson #1),12
The Midnight Watch: A Novel of the Titanic and the Californian,12
The Lonely City: Adventures in the Art of Being Alone,12
The Gray Rhino: How to Recognize and Act on the Obvious Dangers We Ignore,12
The Golden Condom: And Other Essays on Love Lost and Found,12
The Epidemic (The Program 0.6),12
The Dinner Party,12
The Diary of a Young Girl,12
The Children,12
Stars Above (The Lunar Chronicles #4.5),12
Snatched: How A Drug Queen Went Undercover for the DEA and Was Kidnapped By Colombian Guerillas,12
Raspberry Pi Electronics Projects for the Evil Genius,12
Quench Your Own Thirst: Business Lessons Learned Over a Beer or Two,12
Psycho: Sanitarium (Psycho #1.5),12
Poisonous (Max Revere Novels #3),12
One with You (Crossfire #5),12
No Love Allowed (Dodge Cove #1),12
Murder at the 42nd Street Library (Raymond Ambler #1),12
Most Wanted,12
"Love, Lies and Spies",12
How to Speak Golf: An Illustrated Guide to Links Lingo,12
Hide Away (Eve Duncan #20),12
Furiously Happy: A Funny Book About Horrible Things,12
Everyday Italian: 125 Simple and Delicious Recipes,12
Equal Is Unfair: America's Misguided Fight Against Income Inequality,12
Eleanor & Park,12
Dirty (Dive Bar #1),12
Can You Keep a Secret? (Fear Street Relaunch #4),12
Boar Island (Anna Pigeon #19),12
A Paris Apartment,12
"A la Mode: 120 Recipes in 60 Pairings: Pies, Tarts, Cakes, Crisps, and More Topped with Ice Cream, Gelato, Frozen Custard, and More",12
Troublemaker: Surviving Hollywood and Scientology,11
The Widow,11
"The Sleep Revolution: Transforming Your Life, One Night at a Time",11
The Improbability of Love,11
The Art of Startup Fundraising,11
Take Me Home Tonight (Rock Star Romance #3),11
Sleeping Giants (Themis Files #1),11
"Setting the World on Fire: The Brief, Astonishing Life of St. Catherine of Siena",11
Playing with Fire,11
Off the Hook (Fishing for Trouble #1),11
Mothering Sunday,11
"Mother, Can You Not?",11
M Train,11
Lilac Girls,11
Lies and Other Acts of Love,11
Lab Girl,11
Keep Me Posted,11
It Didn't Start with You: How Inherited Family Trauma Shapes Who We Are and How to End the Cycle,11
Grey (Fifty Shades #4),11
"Exit, Pursued by a Bear",11
Daredevils,11
Cravings: Recipes for What You Want to Eat,11
Born for This: How to Find the Work You Were Meant to Do,11
Arena,11
Adultery,11
A Mother's Reckoning: Living in the Aftermath of Tragedy,11
A Gentleman's Position (Society of Gentlemen #3),11
11/22/63,11
"10% Happier: How I Tamed the Voice in My Head, Reduced Stress Without Losing My Edge, and Found Self-Help That Actually Works",10
10-Day Green Smoothie Cleanse: Lose Up to 15 Pounds in 10 Days!,10
Without Shame,9
Watchmen,9
Unlimited Intuition Now,9
Underlying Notes,9
The Shack,9
The New Brand You: Your New Image Makes the Sale for You,9
"The Moosewood Cookbook: Recipes from Moosewood Restaurant, Ithaca, New York",9
The Flowers Lied,9
"The Fabric of the Cosmos: Space, Time, and the Texture of Reality",9
The Book of Mormon,9
The Art and Science of Low Carbohydrate Living,9
The Alien Club,9
Suzie Snowflake: One beautiful flake (a self-esteem story),9
Nap-a-Roo,9
"NaNo What Now? Finding your editing process, revising your NaNoWriMo book and building a writing career through publishing and beyond",9
Modern Day Fables,9
If I Gave You God's Phone Number....: Searching for Spirituality in America,9
"Fruits Basket, Vol. 9 (Fruits Basket #9)",9
Dress Your Family in Corduroy and Denim,9
Don't Forget Steven,9
Chernobyl 01:23:40: The Incredible True Story of the World's Worst Nuclear Disaster,9
Art and Fear: Observations on the Perils (and Rewards) of Artmaking,9
A Shard of Ice (The Black Symphony Saga #1),9
A Hero's Curse (The Unseen Chronicles #1),9
23 Degrees South: A Tropical Tale of Changing Whether...,9
"Zero to One: Notes on Startups, or How to Build the Future",8
Why Not Me?,8
When Breath Becomes Air,8
Vagabonding: An Uncommon Guide to the Art of Long-Term World Travel,8
The Unlikely Pilgrimage of Harold Fry (Harold Fry #1),8
The New Drawing on the Right Side of the Brain,8
"The Midnight Assassin: Panic, Scandal, and the Hunt for America's First Serial Killer",8
The Martian (The Martian #1),8
The High Mountains of Portugal,8
The Grownup,8
The E-Myth Revisited: Why Most Small Businesses Don't Work and What to Do About It,8
South of Sunshine,8
Smarter Faster Better: The Secrets of Being Productive in Life and Business,8
Silence in the Dark (Logan Point #4),8
Shadows of the Past (Logan Point #1),8
Roller Girl,8
Rising Strong,8
Proofs of God: Classical Arguments from Tertullian to Barth,8
Please Kill Me: The Uncensored Oral History of Punk,8
Out of Print: City Lights Spotlight No. 14,8
My Life Next Door (My Life Next Door ),8
Miller's Valley,8
Man's Search for Meaning,8
"Love That Boy: What Two Presidents, Eight Road Trips, and My Son Taught Me About a Parent's Expectations",8
Living Forward: A Proven Plan to Stop Drifting and Get the Life You Want,8
Les Fleurs du Mal,8
Left Behind (Left Behind #1),8
Kill 'Em and Leave: Searching for James Brown and the American Soul,8
Kierkegaard: A Christian Missionary to Christians,8
John Vassos: Industrial Design for Modern Life,8
I'll Give You the Sun,8
I Will Find You,8
Hystopia: A Novel,8
Howl and Other Poems,8
History of Beauty,8
Heaven is for Real: A Little Boy's Astounding Story of His Trip to Heaven and Back,8
Future Shock (Future Shock #1),8
Ender's Game (The Ender Quintet #1),8
Diary of a Citizen Scientist: Chasing Tiger Beetles and Other New Ways of Engaging the World,8
Death by Leisure: A Cautionary Tale,8
Brilliant Beacons: A History of the American Lighthouse,8
Brazen: The Courage to Find the You That's Been Hiding,8
Between the World and Me,8
Being Mortal: Medicine and What Matters in the End,8
"A Murder Over a Girl: Justice, Gender, Junior High",8
32 Yolks,8
"""Most Blessed of the Patriarchs"": Thomas Jefferson and the Empire of the Imagination",8
You Are a Badass: How to Stop Doubting Your Greatness and Start Living an Awesome Life,7
Wildlife of New York: A Five-Borough Coloring Book,7
What Happened on Beale Street (Secrets of the South Mysteries #2),7
Unreasonable Hope: Finding Faith in the God Who Brings Purpose to Your Pain,7
Under the Tuscan Sun,7
Toddlers Are A**holes: It's Not Your Fault,7
The Year of Living Biblically: One Man's Humble Quest to Follow the Bible as Literally as Possible,7
The Whale,7
The Story of Art,7
The Origin of Species,7
The Great Gatsby,7
The Good Girl,7
The Glass Castle,7
The Faith of Christopher Hitchens: The Restless Soul of the World's Most Notorious Atheist,7
The Drowning Girls,7
The Constant Princess (The Tudor Court #1),7
The Bourne Identity (Jason Bourne #1),7
The Bachelor Girl's Guide to Murder (Herringford and Watts Mysteries #1),7
The Art Book,7
The 7 Habits of Highly Effective People: Powerful Lessons in Personal Change,7
Team of Rivals: The Political Genius of Abraham Lincoln,7
Steal Like an Artist: 10 Things Nobody Told You About Being Creative,7
"Sit, Stay, Love",7
Sister Dear,7
"Shrunken Treasures: Literary Classics, Short, Sweet, and Silly",7
"Rich Dad, Poor Dad",7
Raymie Nightingale,7
Playing from the Heart,7
Nightstruck: A Novel,7
"Naturally Lean: 125 Nourishing Gluten-Free, Plant-Based Recipes--All Under 300 Calories",7
Meternity,7
Memoirs of a Geisha,7
Like Never Before (Walker Family #2),7
Life of Pi,7
Leave This Song Behind: Teen Poetry at Its Best,7
King's Folly (The Kinsman Chronicles #1),7
John Adams,7
How to Cook Everything Vegetarian: Simple Meatless Recipes for Great Food (How to Cook Everything),7
How to Be a Domestic Goddess: Baking and the Art of Comfort Cooking,7
Good in Bed (Cannie Shapiro #1),7
"Fruits Basket, Vol. 7 (Fruits Basket #7)",7
For the Love: Fighting for Grace in a World of Impossible Standards,7
Finding God in the Ruins: How God Redeems Pain,7
Every Heart a Doorway (Every Heart A Doorway #1),7
Delivering the Truth (Quaker Midwife Mystery #1),7
Counted With the Stars (Out from Egypt #1),7
"Chronicles, Vol. 1",7
Blue Like Jazz: Nonreligious Thoughts on Christian Spirituality,7
Benjamin Franklin: An American Life,7
"At The Existentialist Café: Freedom, Being, and apricot cocktails with: Jean-Paul Sartre, Simone de Beauvoir, Albert Camus, Martin Heidegger, Edmund Husserl, Karl Jaspers, Maurice Merleau-Ponty and others",7
A Summer In Europe,7
A Short History of Nearly Everything,7
A Gathering of Shadows (Shades of Magic #2),7
The Sound Of Love,6
The Rise and Fall of the Third Reich: A History of Nazi Germany,6
The Perks of Being a Wallflower,6
The Mysterious Affair at Styles (Hercule Poirot #1),6
The Man Who Mistook His Wife for a Hat and Other Clinical Tales,6
The Makings of a Fatherless Child,6
The Joy of Cooking,6
The Invention of Wings,6
The Hobbit (Middle-Earth Universe),6
The Great Railway Bazaar,6
The Golden Compass (His Dark Materials #1),6
The God Delusion,6
The Girl You Left Behind (The Girl You Left Behind #1),6
The Fellowship of the Ring (The Lord of the Rings #1),6
The Collected Poems of W.B. Yeats (The Collected Works of W.B. Yeats #1),6
The Barefoot Contessa Cookbook,6
Tell the Wolves I'm Home,6
Ship Leaves Harbor: Essays on Travel by a Recovering Journeyman,6
Pride and Prejudice,6
Musicophilia: Tales of Music and the Brain,6
Mere Christianity,6
Me Before You (Me Before You #1),6
In the Woods (Dublin Murder Squad #1),6
In Cold Blood,6
How to Stop Worrying and Start Living,6
Give It Back,6
"Girl, Interrupted",6
Fun Home: A Family Tragicomic,6
"Fruits Basket, Vol. 6 (Fruits Basket #6)",6
Deception Point,6
"Death Note, Vol. 6: Give-and-Take (Death Note #6)",6
Catherine the Great: Portrait of a Woman,6
Better Homes and Gardens New Cook Book,6
An Unquiet Mind: A Memoir of Moods and Madness,6
A Year in Provence (Provence #1),6
World Without End (The Pillars of the Earth #2),5
"Will Grayson, Will Grayson (Will Grayson, Will Grayson)",5
Why Save the Bankers?: And Other Essays on Our Economic and Political Crisis,5
Where She Went (If I Stay #2),5
What If?: Serious Scientific Answers to Absurd Hypothetical Questions,5
Two Summers,5
This Is Your Brain on Music: The Science of a Human Obsession,5
The Secret Garden,5
The Raven King (The Raven Cycle #4),5
The Raven Boys (The Raven Cycle #1),5
The Power Greens Cookbook: 140 Delicious Superfood Recipes,5
The Metamorphosis,5
The Mathews Men: Seven Brothers and the War Against Hitler's U-boats,5
The Little Paris Bookshop,5
The Hiding Place,5
The Grand Design,5
The Firm,5
The Fault in Our Stars,5
The False Prince (The Ascendance Trilogy #1),5
The Expatriates,5
The Dream Thieves (The Raven Cycle #2),5
The Darkest Corners,5
The Crossover,5
The 5th Wave (The 5th Wave #1),5
Tell the Wind and Fire,5
Tell Me Three Things,5
Talking to Girls About Duran Duran: One Young Man's Quest for True Love and a Cooler Haircut,5
Siddhartha,5
Shiver (The Wolves of Mercy Falls #1),5
Remember Me?,5
Red Dragon (Hannibal Lecter #1),5
Peak: Secrets from the New Science of Expertise,5
My Mother Was Nuts,5
Mexican Today: New and Rediscovered Recipes for Contemporary Kitchens,5
Maybe Something Beautiful: How Art Transformed a Neighborhood,5
Lola and the Boy Next Door (Anna and the French Kiss #2),5
Logan Kade (Fallen Crest High #5.5),5
Last One Home (New Beginnings #1),5
Killing Floor (Jack Reacher #1),5
Kill the Boy Band,5
Isla and the Happily Ever After (Anna and the French Kiss #3),5
If I Stay (If I Stay #1),5
I Know Why the Caged Bird Sings (Maya Angelou's Autobiography #1),5
Harry Potter and the Deathly Hallows (Harry Potter #7),5
"Fruits Basket, Vol. 5 (Fruits Basket #5)",5
Foundation (Foundation (Publication Order) #1),5
Fool Me Once,5
Find Her (Detective D.D. Warren #8),5
Evicted: Poverty and Profit in the American City,5
Drama,5
Dracula the Un-Dead,5
Digital Fortress,5
"Death Note, Vol. 5: Whiteout (Death Note #5)",5
"Data, A Love Story: How I Gamed Online Dating to Meet My Match",5
Critique of Pure Reason,5
Booked,5
"Blue Lily, Lily Blue (The Raven Cycle #3)",5
Approval Junkie: Adventures in Caring Too Much,5
An Abundance of Katherines,5
America's War for the Greater Middle East: A Military History,5
Alight (The Generations Trilogy #2),5
A Girl's Guide to Moving On (New Beginnings #2),5
A Game of Thrones (A Song of Ice and Fire #1),5
A Feast for Crows (A Song of Ice and Fire #4),5
A Clash of Kings (A Song of Ice and Fire #2),5
Vogue Colors A to Z: A Fashion Coloring Book,4
The Shining (The Shining #1),4
The Pilgrim's Progress,4
The Perfect Play (Play by Play #1),4
The Passion of Dolssa,4
The Jazz of Physics: The Secret Link Between Music and the Structure of the Universe,4
The Hunger Games (The Hunger Games #1),4
The Hound of the Baskervilles (Sherlock Holmes #5),4
The Gunning of America: Business and the Making of American Gun Culture,4
The Geography of Bliss: One Grump's Search for the Happiest Places in the World,4
The Demonists (Demonist #1),4
"The Demon Prince of Momochi House, Vol. 4 (The Demon Prince of Momochi House #4)",4
The Bone Hunters (Lexy Vaughan & Steven Macaulay #2),4
The Beast (Black Dagger Brotherhood #14),4
Some Women,4
Shopaholic Ties the Knot (Shopaholic #3),4
Paper and Fire (The Great Library #2),4
Outlander (Outlander #1),4
"Orchestra of Exiles: The Story of Bronislaw Huberman, the Israel Philharmonic, and the One Thousand Jews He Saved from Nazi Horrors",4
No One Here Gets Out Alive,4
Night Shift (Night Shift #1-20),4
Needful Things,4
Mockingjay (The Hunger Games #3),4
Misery,4
Little Women (Little Women #1),4
It,4
Harry Potter and the Sorcerer's Stone (Harry Potter #1),4
Harry Potter and the Prisoner of Azkaban (Harry Potter #3),4
Harry Potter and the Order of the Phoenix (Harry Potter #5),4
Harry Potter and the Half-Blood Prince (Harry Potter #6),4
Harry Potter and the Chamber of Secrets (Harry Potter #2),4
Gone with the Wind,4
God Is Not Great: How Religion Poisons Everything,4
Girl With a Pearl Earring,4
"Fruits Basket, Vol. 4 (Fruits Basket #4)",4
Far From True (Promise Falls Trilogy #2),4
Dark Lover (Black Dagger Brotherhood #1),4
Confessions of a Shopaholic (Shopaholic #1),4
Changing the Game (Play by Play #2),4
Candide,4
Can You Keep a Secret?,4
Atlas Shrugged,4
Animal Farm,4
A Walk to Remember,4
A New Earth: Awakening to Your Life's Purpose,4
"A History of God: The 4,000-Year Quest of Judaism, Christianity, and Islam",4
'Salem's Lot,4
Zero History (Blue Ant #3),3
Wuthering Heights,3
World War Z: An Oral History of the Zombie War,3
Wild: From Lost to Found on the Pacific Crest Trail,3
"Where'd You Go, Bernadette",3
When You Are Engulfed in Flames,3
We the People: The Modern-Day Figures Who Have Reshaped and Affirmed the Founding Fathers' Vision of America,3
We Are All Completely Beside Ourselves,3
Walk the Edge (Thunder Road #2),3
Voyager (Outlander #3),3
Very Good Lives: The Fringe Benefits of Failure and the Importance of Imagination,3
Vegan Vegetarian Omnivore: Dinner for Everyone at the Table,3
"Unstuffed: Decluttering Your Home, Mind, and Soul",3
Under the Banner of Heaven: A Story of Violent Faith,3
Two Boys Kissing,3
Twilight (Twilight #1),3
Twenties Girl,3
"Trespassing Across America: One Man's Epic, Never-Done-Before (and Sort of Illegal) Hike Across the Heartland",3
Three-Martini Lunch,3
"Thinking, Fast and Slow",3
The Wild Robot,3
"The Wicked + The Divine, Vol. 3: Commercial Suicide (The Wicked + The Divine)",3
The Undomestic Goddess,3
The Travelers,3
The Tipping Point: How Little Things Can Make a Big Difference,3
The Thing About Jellyfish,3
The Stand,3
The Smitten Kitchen Cookbook,3
The Silkworm (Cormoran Strike #2),3
"The Sandman, Vol. 3: Dream Country (The Sandman (volumes) #3)",3
The Rose & the Dagger (The Wrath and the Dawn #2),3
The Road to Little Dribbling: Adventures of an American in Britain (Notes From a Small Island #2),3
The Rise of Theodore Roosevelt (Theodore Roosevelt #1),3
The Restaurant at the End of the Universe (Hitchhiker's Guide to the Galaxy #2),3
The Rest Is Noise: Listening to the Twentieth Century,3
The Red Tent,3
The Purpose Driven Life: What on Earth Am I Here for?,3
The Purest Hook (Second Circle Tattoos #3),3
The Picture of Dorian Gray,3
The Paris Wife,3
The Obsession,3
The Nightingale,3
The New Guy (and Other Senior Year Distractions),3
The Nanny Diaries (Nanny #1),3
The Name of God is Mercy,3
The Maze Runner (The Maze Runner #1),3
The Lover's Dictionary,3
The Lonely Ones,3
The Lean Startup: How Today's Entrepreneurs Use Continuous Innovation to Create Radically Successful Businesses,3
The Last Painting of Sara de Vos,3
"The Land of 10,000 Madonnas",3
The Infinities,3
The Husband's Secret,3
The Hitchhiker's Guide to the Galaxy (Hitchhiker's Guide to the Galaxy #1),3
The Guns of August,3
The Guernsey Literary and Potato Peel Pie Society,3
The Goldfinch,3
The Giver (The Giver Quartet #1),3
The Girl with All the Gifts,3
The Girl Who Played with Fire (Millennium Trilogy #2),3
The Girl Who Kicked the Hornet's Nest (Millennium Trilogy #3),3
The Exiled,3
"The End of Faith: Religion, Terror, and the Future of Reason",3
"The Elegant Universe: Superstrings, Hidden Dimensions, and the Quest for the Ultimate Theory",3
"The Disappearing Spoon: And Other True Tales of Madness, Love, and the History of the World from the Periodic Table of the Elements",3
The Devil Wears Prada (The Devil Wears Prada #1),3
The Demon-Haunted World: Science as a Candle in the Dark,3
The Day the Crayons Came Home (Crayons),3
The Da Vinci Code (Robert Langdon #2),3
The Cuckoo's Calling (Cormoran Strike #1),3
The Complete Stories and Poems (The Works of Edgar Allan Poe [Cameo Edition]),3
The Complete Poems,3
The Catcher in the Rye,3
The Cat in the Hat (Beginner Books B-1),3
The Case for Christ (Cases for Christianity),3
The Book Thief,3
The Book of Basketball: The NBA According to The Sports Guy,3
The Blind Side: Evolution of a Game,3
The Autobiography of Malcolm X,3
"The Art of Simple Food: Notes, Lessons, and Recipes from a Delicious Revolution",3
The Art of Fielding,3
"Surely You're Joking, Mr. Feynman!: Adventures of a Curious Character",3
Stiff: The Curious Lives of Human Cadavers,3
Spilled Milk: Based on a True Story,3
Something Borrowed (Darcy & Rachel #1),3
Something Blue (Darcy & Rachel #2),3
Soldier (Talon #3),3
Shopaholic & Baby (Shopaholic #5),3
Seven Days in the Art World,3
Seven Brief Lessons on Physics,3
Scarlet (The Lunar Chronicles #2),3
Sarah's Key,3
"Saga, Volume 3 (Saga (Collected Editions) #3)",3
Running with Scissors,3
Rogue Lawyer (Rogue Lawyer #1),3
"Rise of the Rocket Girls: The Women Who Propelled Us, from Missiles to the Moon to Mars",3
Rework,3
Reservations for Two,3
Red: The True Story of Red Riding Hood,3
Ready Player One,3
Quiet: The Power of Introverts in a World That Can't Stop Talking,3
Prodigy: The Graphic Novel (Legend: The Graphic Novel #2),3
Persepolis: The Story of a Childhood (Persepolis #1-2),3
Packing for Mars: The Curious Science of Life in the Void,3
Outliers: The Story of Success,3
Original Fake,3
Orange Is the New Black,3
One for the Money (Stephanie Plum #1),3
Notes from a Small Island (Notes From a Small Island #1),3
Night (The Night Trilogy #1),3
Neither Here nor There: Travels in Europe,3
Naked,3
Morning Star (Red Rising #3),3
"Miracles from Heaven: A Little Girl, Her Journey to Heaven, and Her Amazing Story of Healing",3
Midnight Riot (Peter Grant/ Rivers of London - books #1),3
Me Talk Pretty One Day,3
Manuscript Found in Accra,3
Lust & Wonder,3
Lila (Gilead #3),3
"Life, the Universe and Everything (Hitchhiker's Guide to the Galaxy #3)",3
Life Without a Recipe,3
Life After Life,3
Letter to a Christian Nation,3
Let's Pretend This Never Happened: A Mostly True Memoir,3
Legend (Legend #1),3
"Lean In: Women, Work, and the Will to Lead",3
"Lamb: The Gospel According to Biff, Christ's Childhood Pal",3
Lady Renegades (Rebel Belle #3),3
Jurassic Park (Jurassic Park #1),3
It's Never Too Late to Begin Again: Discovering Creativity and Meaning at Midlife and Beyond,3
Is Everyone Hanging Out Without Me? (And Other Concerns),3
Into the Wild,3
Inferno (Robert Langdon #4),3
"In the Garden of Beasts: Love, Terror, and an American Family in Hitler's Berlin",3
If I Run (If I Run #1),3
I've Got Your Number,3
I Am Malala: The Girl Who Stood Up for Education and Was Shot by the Taliban,3
Hungry Girl Clean & Hungry: Easy All-Natural Recipes for Healthy Eating in the Real World,3
"House of Lost Worlds: Dinosaurs, Dynasties, and the Story of Life on Earth",3
House of Leaves,3
Horrible Bear!,3
Holidays on Ice,3
Heir to the Sky,3
Green Eggs and Ham (Beginner Books B-16),3
"Grayson, Vol 3: Nemesis (Grayson #3)",3
Gratitude,3
Gone Girl,3
Golden (Heart of Dread #3),3
Girl in the Blue Coat,3
"Fruits Basket, Vol. 3 (Fruits Basket #3)",3
"Friday Night Lights: A Town, a Team, and a Dream",3
Fire Bound (Sea Haven/Sisters of the Heart #5),3
Fifty Shades Freed (Fifty Shades #3),3
Fellside,3
Extreme Prey (Lucas Davenport #26),3
Eragon (The Inheritance Cycle #1),3
Eclipse (Twilight #3),3
Dune (Dune #1),3
Dracula,3
Do Androids Dream of Electric Sheep? (Blade Runner #1),3
Disrupted: My Misadventure in the Start-Up Bubble,3
Dead Wake: The Last Crossing of the Lusitania,3
"David and Goliath: Underdogs, Misfits, and the Art of Battling Giants",3
Darkfever (Fever #1),3
Dark Places,3
Crazy Rich Asians (Crazy Rich Asians #1),3
Counting Thyme,3
Cosmos,3
Civilization and Its Discontents,3
Cinder (The Lunar Chronicles #1),3
Catastrophic Happiness: Finding Joy in Childhood's Messy Years,3
Career of Evil (Cormoran Strike #3),3
Breaking Dawn (Twilight #4),3
Brave Enough,3
Boy Meets Boy,3
"Born to Run: A Hidden Tribe, Superathletes, and the Greatest Race the World Has Never Seen",3
Blink: The Power of Thinking Without Thinking,3
Black Flags: The Rise of ISIS,3
"Black Butler, Vol. 1 (Black Butler #1)",3
Big Little Lies,3
Between Shades of Gray,3
Best of My Love (Fool's Gold #20),3
Beowulf,3
Beautiful Creatures (Caster Chronicles #1),3
Awkward,3
Ash,3
Are We There Yet?,3
Are We Smart Enough to Know How Smart Animals Are?,3
Annie on My Mind,3
And Then There Were None,3
A Walk in the Woods: Rediscovering America on the Appalachian Trail,3
A Visit from the Goon Squad,3
A Storm of Swords (A Song of Ice and Fire #3),3
A Heartbreaking Work of Staggering Genius,3
8 Keys to Mental Health Through Exercise,3
#GIRLBOSS,3
"The Suffragettes (Little Black Classics, #96)",2
The Sense of an Ending,2
"The Sandman, Vol. 2: The Doll's House (The Sandman (volumes) #2)",2
The Course of Love,2
Sugar Rush (Offensive Line #2),2
"Saga, Volume 2 (Saga (Collected Editions) #2)",2
"Run, Spot, Run: The Ethics of Keeping Pets",2
New Moon (Twilight #2),2
Life,2
Kindle Paperwhite User's Guide,2
H is for Hawk,2
Girl Online On Tour (Girl Online #2),2
"Fruits Basket, Vol. 2 (Fruits Basket #2)",2
Diary of a Minecraft Zombie Book 1: A Scare of a Dare (An Unofficial Minecraft Book),2
"Y: The Last Man, Vol. 1: Unmanned (Y: The Last Man #1)",1
While You Were Mine,1
Where Lightning Strikes (Bleeding Stars #3),1
When I'm Gone,1
Ways of Seeing,1
"Vampire Knight, Vol. 1 (Vampire Knight #1)",1
Vampire Girl (Vampire Girl #1),1
Twenty Love Poems and a Song of Despair,1
Travels with Charley: In Search of America,1
Three Wishes (River of Time: California #1),1
This One Moment (Pushing Limits #1),1
The Zombie Room,1
"The Wicked + The Divine, Vol. 1: The Faust Act (The Wicked + The Divine)",1
The Tumor,1
The Story of Hong Gildong,1
The Silent Wife,1
The Silent Twin (Detective Jennifer Knight #3),1
The Selfish Gene,1
The Secret Healer,1
"The Sandman, Vol. 1: Preludes and Nocturnes (The Sandman (volumes) #1)",1
The Republic,1
The Odyssey,1
The No. 1 Ladies' Detective Agency (No. 1 Ladies' Detective Agency #1),1
The Nicomachean Ethics,1
The Name of the Wind (The Kingkiller Chronicle #1),1
The Mirror & the Maze (The Wrath and the Dawn #1.5),1
The Little Prince,1
The Light of the Fireflies,1
The Last Girl (The Dominion Trilogy #1),1
The Iliad,1
The Hook Up (Game On #1),1
The Haters,1
The Girl You Lost,1
The Girl In The Ice (DCI Erika Foster #1),1
The End of the Jesus Era (An Investigation #1),1
The Edge of Reason (Bridget Jones #2),1
The Complete Maus (Maus #1-2),1
The Communist Manifesto,1
The Bhagavad Gita,1
The Bette Davis Club,1
The Art of Not Breathing,1
Taking Shots (Assassins #1),1
Starlark,1
"Skip Beat!, Vol. 01 (Skip Beat! #1)",1
Sister Sable (The Mad Queen #1),1
Shatter Me (Shatter Me #1),1
Shameless,1
Shadow Rites (Jane Yellowrock #10),1
Settling the Score (The Summer Games #1),1
Sense and Sensibility,1
"Saga, Volume 1 (Saga (Collected Editions) #1)",1
"Rhythm, Chord & Malykhin",1
"Rat Queens, Vol. 1: Sass & Sorcery (Rat Queens (Collected Editions) #1-5)",1
Paradise Lost (Paradise #1),1
"Paper Girls, Vol. 1 (Paper Girls #1-5)",1
"Ouran High School Host Club, Vol. 1 (Ouran High School Host Club #1)",1
Origins (Alphas 0.5),1
One Second (Seven #7),1
On the Road (Duluoz Legend),1
Old Records Never Die: One Man's Quest for His Vinyl and His Past,1
Off Sides (Off #1),1
Of Mice and Men,1
Myriad (Prentor #1),1
My Perfect Mistake (Over the Top #1),1
"Ms. Marvel, Vol. 1: No Normal (Ms. Marvel (2014-2015) #1)",1
Meditations,1
Matilda,1
Lost Among the Living,1
Lord of the Flies,1
Listen to Me (Fusion #1),1
Kitchens of the Great Midwest,1
Jane Eyre,1
Imperfect Harmony,1
Icing (Aces Hockey #2),1
"Hawkeye, Vol. 1: My Life as a Weapon (Hawkeye #1)",1
Having the Barbarian's Baby (Ice Planet Barbarians #7.5),1
"Giant Days, Vol. 1 (Giant Days #1-4)",1
"Fruits Basket, Vol. 1 (Fruits Basket #1)",1
Frankenstein,1
Forever Rockers (The Rocker #12),1
Fighting Fate (Fighting #6),1
Emma,1
"Eat, Pray, Love",1
Deep Under (Walker Security #1),1
Choosing Our Religion: The Spiritual Lives of America's Nones,1
Charlie and the Chocolate Factory (Charlie Bucket #1),1
Charity's Cross (Charles Towne Belles #4),1
Bright Lines,1
Bridget Jones's Diary (Bridget Jones #1),1
Bounty (Colorado Mountain #7),1
Blood Defense (Samantha Brinkman #1),1
"Bleach, Vol. 1: Strawberry and the Soul Reapers (Bleach #1)",1
Beyond Good and Evil,1
Alice in Wonderland (Alice's Adventures in Wonderland #1),1
"Ajin: Demi-Human, Volume 1 (Ajin: Demi-Human #1)",1
A Spy's Devotion (The Regency Spies of London #1),1
1st to Die (Women's Murder Club #1),1
"1,000 Places to See Before You Die",1
